{
  "hexagons": [
    [
      -4.188930284401445,
      1.8193800039302632,
      27.152960787605522
    ],
    [
      -4.176355869533574,
      7.064300405617062,
      267.1529608440431
    ],
    [
      -2.742916506015463,
      3.906339385775005,
      27.1529605482382
    ],
    [
      -6.194510651844542,
      4.24392499110073,
      87.15296055151819
    ],
    [
      -2.473659833750489,
      6.4309890919478505,
      27.152960654980536
    ],
    [
      -3.873471534888157,
      5.273066727061339,
      207.15296055907297
    ],
    [
      -1.0402204730422775,
      3.273028074563836,
      147.15296023822899
    ],
    [
      -1.3431048055826835,
      5.064261750135589,
      27.152960578448106
    ],
    [
      -5.891626320761765,
      2.4526913150800436,
      207.1529604441882
    ],
    [
      -4.49181461857218,
      3.610613680746617,
      327.15296051225386
    ],
    [
      -2.440032173504564,
      2.1151057062159198,
      147.1529609770078
    ],
    [
      -5.576167568688771,
      5.906378037446775,
      207.1529605991787
    ]
  ],
  "outer_side_length": 3.9416421219260505,
  "outer_center": [
    -3.702734219638844,
    4.263339930940068
  ],
  "outer_angle_deg": 219.5975070305034
}